date,variable,Kailahun,Kenema,Kono,Kambia,Koinadugu,Bombali,Tonkolili,Port Loko,Pujehun,Bo,Moyamba,Bonthe,Western area urban,Western area rural,National
2014-12-06,population,465048,653013,325003,341690,335471,494139,434937,557978,335574,654142,278119,168729,1040888,263619,6348350
2014-12-06,new_noncase,,,,,,,,,,,,,,,
2014-12-06,new_suspected,,,,,,,,,,,,,,,
2014-12-06,new_probable,,,,,,,,,,,,,,,
2014-12-06,new_confirmed,,,,,,,,,,,,,,,
2014-12-06,cum_noncase,,,,,,,,,,,,,,,
2014-12-06,cum_suspected,18,116,111,24,25,118,81,250,15,111,64,9,304,156,1402
2014-12-06,cum_probable,32,0,1,0,32,6,4,1,0,1,1,0,1,0,79
2014-12-06,cum_confirmed,0,494,106,86,86,880,385,956,31,269,170,4,1403,885,6317
2014-12-06,death_suspected,4,5,2,6,0,22,4,74,3,8,9,1,8,12,158
2014-12-06,death_probable,35,0,19,9,32,19,21,1,2,43,20,1,4,2,208
2014-12-06,death_confirmed,228,261,41,26,27,223,88,208,16,83,44,3,267,193,1708
2014-12-06,cfr,,,,,,,,,,,,,,,
2014-12-06,etc_new_admission,,,,,,,,,,,,,,,
2014-12-06,etc_currently_admitted,,,,,,,,,,,,,,,
2014-12-06,etc_cum_admission,,,,,,,,,,,,,,,
2014-12-06,etc_new_deaths,,,,,,,,,,,,,,,
2014-12-06,etc_cum_deaths,,,,,,,,,,,,,,,
2014-12-06,etc_new_discharges,,,,,,,,,,,,,,,
2014-12-06,etc_cum_discharges,,,,,,,,,,,,,,,
2014-12-06,cum_contacts,,,,,,,,,,,,,,,
2014-12-06,cum_completed_contacts,,,,,,,,,,,,,,,
2014-12-06,contacts_followed,,,,,,,,,,,,,,,
2014-12-06,new_contacts,,,,,,,,,,,,,,,
2014-12-06,contacts_healthy,,,,,,,,,,,,,,,
2014-12-06,contacts_ill,,,,,,,,,,,,,,,
2014-12-06,contacts_not_seen,,,,,,,,,,,,,,,
2014-12-06,new_completed_contacts,,,,,,,,,,,,,,,
2014-12-06,percent_seen,,,,,,,,,,,,,,,
2014-12-06,total_lab_samples,,,,,,,,,,,,,,,
2014-12-06,repeat_samples,,,,,,,,,,,,,,,
2014-12-06,new_samples,,,,,,,,,,,,,,,
2014-12-06,new_positive,,,,,,,,,,,,,,,
2014-12-06,new_negative,,,,,,,,,,,,,,,
2014-12-06,pending,,,,,,,,,,,,,,,
2014-12-06,positive_corpse,,,,,,,,,,,,,,,
2014-12-06,negative_corpse,,,,,,,,,,,,,,,