date,variable,Kailahun,Kenema,Kono,Kambia,Koinadugu,Bombali,Tonkolili,Port Loko,Pujehun,Bo,Moyamba,Bonthe,Western area urban,Western area rural,National
2014-11-16,population,465048,653013,325003,341690,335471,494139,434937,557978,335574,654142,278119,168729,1040888,263619,6348350
2014-11-16,new_noncase,,,,,,,,,,,,,,,
2014-11-16,new_suspected,,,,,,,,,,,,,,,
2014-11-16,new_probable,,,,,,,,,,,,,,,
2014-11-16,new_confirmed,1,0,0,1,0,12,2,9,0,2,3,0,35,24,89
2014-11-16,cum_noncase,,,,,,,,,,,,,,,
2014-11-16,cum_suspected,,,,,,,,,,,,,,,938
2014-11-16,cum_probable,,,,,,,,,,,,,,,79
2014-11-16,cum_confirmed,559,493,57,57,73,709,302,720,28,222,147,3,975,711,5056
2014-11-16,death_suspected,,,,,,,,,,,,,,,157
2014-11-16,death_probable,,,,,,,,,,,,,,,208
2014-11-16,death_confirmed,,,,,,,,,,,,,,,1223
2014-11-16,cfr,,,,,,,,,,,,,,,
2014-11-16,etc_new_admission,,,,,,,,,,,,,,,
2014-11-16,etc_currently_admitted,,,,,,,,,,,,,,,
2014-11-16,etc_cum_admission,,,,,,,,,,,,,,,
2014-11-16,etc_new_deaths,,,,,,,,,,,,,,,
2014-11-16,etc_cum_deaths,,,,,,,,,,,,,,,
2014-11-16,etc_new_discharges,,,,,,,,,,,,,,,
2014-11-16,etc_cum_discharges,,,,,,,,,,,,,,,
2014-11-16,cum_contacts,,,,,,,,,,,,,,,
2014-11-16,cum_completed_contacts,,,,,,,,,,,,,,,
2014-11-16,contacts_followed,,,,,,,,,,,,,,,
2014-11-16,new_contacts,,,,,,,,,,,,,,,
2014-11-16,contacts_healthy,,,,,,,,,,,,,,,
2014-11-16,contacts_ill,,,,,,,,,,,,,,,
2014-11-16,contacts_not_seen,,,,,,,,,,,,,,,
2014-11-16,new_completed_contacts,,,,,,,,,,,,,,,
2014-11-16,percent_seen,,,,,,,,,,,,,,,
2014-11-16,total_lab_samples,,,,,,,,,,,,,,,
2014-11-16,repeat_samples,,,,,,,,,,,,,,,
2014-11-16,new_samples,,,,,,,,,,,,,,,
2014-11-16,new_positive,,,,,,,,,,,,,,,
2014-11-16,new_negative,,,,,,,,,,,,,,,
2014-11-16,pending,,,,,,,,,,,,,,,
2014-11-16,positive_corpse,,,,,,,,,,,,,,,
2014-11-16,negative_corpse,,,,,,,,,,,,,,,
